suite,episodes,success_rate,collision_rate,timeout_rate,avg_reward,reward_std,avg_steps,avg_final_distance,avg_path_length,avg_efficiency,avg_path_smoothness,avg_control_smoothness,avg_uncertainty_penalty,avg_risk_margin,worst_case_clearance
fixed_suite,400,0.0,100.0,0.0,-39.78932711287146,17.93128943790334,20.6975,109.30113442292601,10.812017589211464,0.09556563696991571,0.06565776632839317,0.004372266661375761,0.006661994439077446,2.5503060356271425,-0.29608487797729355
left_bottom_to_right_top,100,0.0,100.0,0.0,-29.984243963670853,0.5504705166782465,17.77,104.86151369438558,9.493821588754654,0.08391432033123848,0.06990281525807567,0.005096924328245223,0.00018771273072815852,2.550402953710188,1.9125853901627918
left_top_to_right_bottom,100,0.0,100.0,0.0,-16.349873166416575,7.690041957926528,30.02,98.6681614380121,15.917559772729874,0.1406926807264451,0.05743192639812512,0.002905471718404442,0.026460265025581627,2.5473107914162996,-0.29608487797729355
right_bottom_to_left_top,100,0.0,100.0,0.0,-52.63451915230403,0.014228499655220416,20.0,115.41915426417353,10.080129618644714,0.08909660013005509,0.1143954034482962,0.0053955904301255945,0.0,2.5509078931435947,6.604792612594991
right_top_to_left_bottom,100,0.0,100.0,0.0,-60.18867216909441,0.06858531464212494,15.0,118.25570829513288,7.756559376716614,0.0685589466919242,0.02090092020907565,0.004091080168727786,0.0,2.552602504238487,5.8979751507087705
overall,400,0.0,100.0,0.0,-39.78932711287146,17.93128943790334,20.6975,109.30113442292601,10.812017589211464,0.09556563696991571,0.06565776632839317,0.004372266661375761,0.006661994439077446,2.5503060356271425,-0.29608487797729355
