suite,episodes,success_rate,collision_rate,timeout_rate,avg_reward,reward_std,avg_steps,avg_final_distance,avg_path_length,avg_efficiency,avg_path_smoothness,avg_control_smoothness,avg_uncertainty_penalty,avg_risk_margin,worst_case_clearance
fixed_suite,400,75.25,24.75,0.0,266.34006383050263,172.86398113071516,157.4025,12.209834107893212,146.91955148987472,1.2985976396740397,4.235897421231764,0.876597607806325,0.4235728582013604,2.5466699265933608,-1.7211008015230536
left_bottom_to_right_top,100,86.0,14.000000000000002,0.0,313.4479756269465,157.00519267375964,142.32,8.930644245270546,132.62216802865268,1.1722254296585661,2.0604555509812665,0.870173225402832,0.4001207177587063,2.546058108767781,-1.6431496602601827
left_top_to_right_bottom,100,55.00000000000001,45.0,0.0,188.8064078909756,185.518312599578,203.62,18.186829474735248,187.62915493011474,1.658423097916098,1.9630564207759307,0.699480037689209,0.43405789021281754,2.5456027694907446,-1.7211008015230536
right_bottom_to_left_top,100,79.0,21.0,0.0,278.28760664710126,163.36683705176506,150.46,11.646779762489798,140.66712598875165,1.2433334837760703,6.392303449512903,0.8682530161738395,0.46178789160098416,2.5474495944862876,-1.3438632057259463
right_top_to_left_bottom,100,81.0,19.0,0.0,284.818265156987,158.29281330507973,133.21,10.075082949077252,126.75975701197981,1.1204085473454244,6.527774263656954,1.0684841519594193,0.3983249332329335,2.54756923362863,-1.5713770851807707
overall,400,75.25,24.75,0.0,266.34006383050263,172.86398113071516,157.4025,12.209834107893212,146.91955148987472,1.2985976396740397,4.235897421231764,0.876597607806325,0.4235728582013604,2.5466699265933608,-1.7211008015230536
