suite,episodes,success_rate,collision_rate,timeout_rate,avg_reward,reward_std,avg_steps,avg_final_distance,avg_path_length,avg_efficiency,avg_path_smoothness,avg_control_smoothness,avg_uncertainty_penalty,avg_risk_margin,worst_case_clearance
fixed_suite,400,80.5,19.5,0.0,303.4972345271907,151.84837126822956,147.425,8.500044926474384,142.5589440953359,1.2600549514295583,3.32937722338305,0.6871196178346872,0.38612539615120406,2.546847761764168,-1.5371825628154543
left_bottom_to_right_top,100,86.0,14.000000000000002,0.0,325.28051072685076,132.30875859414397,135.56,7.450887875828268,132.84360029906034,1.1741826329088012,0.8689375908012061,0.6834103780984878,0.37448776869712525,2.546397283099819,-1.4706761141275382
left_top_to_right_bottom,100,67.0,33.0,0.0,258.41648006416386,171.54180204548297,170.97,11.725643944454532,162.56105257809162,1.436850283302054,1.285337861700599,0.6127464053034782,0.37397338530637847,2.545880215855227,-1.5371825628154543
right_bottom_to_left_top,100,84.0,16.0,0.0,314.30971541973946,135.068969839182,143.68,8.220160331710467,139.06074916914105,1.229134984493848,5.012497992937981,0.724168027639389,0.4104475366957003,2.547479128021913,-1.4042049650024344
right_top_to_left_bottom,100,85.0,15.0,0.0,315.9822318980087,155.8085906385008,139.49,6.603487553904273,135.77037433505058,1.2000519050135297,6.150735448092412,0.7281536602973938,0.38559289390561224,2.547634420079713,-1.3233365504235683
overall,400,80.5,19.5,0.0,303.4972345271907,151.84837126822956,147.425,8.500044926474384,142.5589440953359,1.2600549514295583,3.32937722338305,0.6871196178346872,0.38612539615120406,2.546847761764168,-1.5371825628154543
