suite,episodes,success_rate,collision_rate,timeout_rate,avg_reward,reward_std,avg_steps,avg_final_distance,avg_path_length,avg_efficiency,avg_path_smoothness,avg_control_smoothness,avg_uncertainty_penalty,avg_risk_margin,worst_case_clearance
fixed_suite,400,71.0,28.999999999999996,0.0,276.8521916103558,173.621925995291,142.8325,13.15502082941706,134.82997223876416,1.1917398462698285,1.6163028376531914,0.6753842964023352,0.3658622312983638,2.5467933190438314,-1.7231095474524318
left_bottom_to_right_top,100,78.0,22.0,0.0,311.0410649488221,159.37704712658365,140.87,7.307440397439246,134.74054287970066,1.1909493949417393,1.471767947968048,0.7291944974660873,0.3156682552418234,2.546271043427983,-1.7231095474524318
left_top_to_right_bottom,100,49.0,51.0,0.0,220.28255577409473,173.60760609465032,145.76,18.453414571898858,141.55624394640327,1.2511922504922055,0.755134793323706,0.529382167160511,0.35043248164795027,2.5458385401627797,-1.3716360462851425
right_bottom_to_left_top,100,79.0,21.0,0.0,298.15339692384555,160.64611607676613,154.53,11.790470478333006,141.3373426488042,1.2492574180924259,2.559784804743849,0.6883159911632538,0.3249997252950958,2.5474244742441283,-1.6665928409765711
right_top_to_left_bottom,100,78.0,22.0,0.0,277.93174879466073,185.49006587868902,130.17,15.068757869997135,121.68575948014855,1.0755603215529428,1.6785238045771629,0.7546445298194885,0.4723484630085859,2.547639218340436,-1.6627183133963315
overall,400,71.0,28.999999999999996,0.0,276.8521916103558,173.621925995291,142.8325,13.15502082941706,134.82997223876416,1.1917398462698285,1.6163028376531914,0.6753842964023352,0.3658622312983638,2.5467933190438314,-1.7231095474524318
