suite,episodes,success_rate,collision_rate,timeout_rate,avg_reward,reward_std,avg_steps,avg_final_distance,avg_path_length,avg_efficiency,avg_path_smoothness,avg_control_smoothness,avg_uncertainty_penalty,avg_risk_margin,worst_case_clearance
fixed_suite,400,71.75,28.249999999999996,0.0,260.9290721697499,175.04472479715452,141.6275,12.383497014256818,136.06565937373787,1.2026618806796803,3.087318119906685,0.8539683403074741,0.40882917183550915,2.546815733967897,-1.806379698698584
left_bottom_to_right_top,100,80.0,20.0,0.0,297.8430687572496,151.57225325912046,136.36,8.308822555104438,131.6403900820017,1.1635476566101448,1.726479818369304,0.9721117377281189,0.32213148778120193,2.5461400637549865,-1.208580274877817
left_top_to_right_bottom,100,56.99999999999999,43.0,0.0,213.4695942933494,181.8642237049081,152.11,15.575960538519457,145.6968551661074,1.2877904288979314,1.739036996960391,0.7607510381937027,0.42984188653269934,2.5459146774933954,-1.7156660708167708
right_bottom_to_left_top,100,62.0,38.0,0.0,217.13796101492423,201.17759765280374,137.74,20.631792630091486,132.3277885623276,1.169623458196895,2.166529465976124,0.7403985857963562,0.5140560735240388,2.547598654621082,-1.806379698698584
right_top_to_left_bottom,100,88.0,12.0,0.0,315.26566461347625,132.50011780796513,140.3,5.017412333311896,134.59760368451475,1.1896859790137502,6.717226198320916,0.9426119995117187,0.3692872395040964,2.547609540002125,-1.2768556359908572
overall,400,71.75,28.249999999999996,0.0,260.9290721697499,175.04472479715452,141.6275,12.383497014256818,136.06565937373787,1.2026618806796803,3.087318119906685,0.8539683403074741,0.40882917183550915,2.546815733967897,-1.806379698698584
