suite,episodes,success_rate,collision_rate,timeout_rate,avg_reward,reward_std,avg_steps,avg_final_distance,avg_path_length,avg_efficiency,avg_path_smoothness,avg_control_smoothness,avg_uncertainty_penalty,avg_risk_margin,worst_case_clearance
fixed_suite,80,68.75,31.25,0.0,255.37465747901055,180.43901929337204,145.675,18.717214144689326,136.33467518892138,1.2050396670198218,4.29604289971587,0.8856340155005455,0.3413773094190812,2.547982029241645,-1.5713770851807707
left_bottom_to_right_top,20,90.0,10.0,0.0,338.31354897990605,127.37408803532132,138.1,10.495448486340347,128.6978668667376,1.1375391801120982,2.1052289502238617,0.8615948170423507,0.2964722116672583,2.548989212657291,-0.7694782157554101
left_top_to_right_bottom,20,55.00000000000001,45.0,0.0,209.91233448038756,192.96897657302756,185.05,23.58192620066906,172.89719931110739,1.5282097764035822,1.6997508530205927,0.7029034048318863,0.43757945513120244,2.5489898633036066,-1.0398738758848547
right_bottom_to_left_top,20,65.0,35.0,0.0,258.4653051885071,174.6607936337718,133.8,17.456222722074788,127.20463465824723,1.124340747352354,6.008732506628377,0.8869552135467529,0.24188176849133577,2.5477269850295965,-1.134562353955428
right_top_to_left_bottom,20,65.0,35.0,0.0,214.80744126724147,188.8503322970337,125.75,23.335259169673115,116.53899991959334,1.0300689642112524,7.37045928899065,1.091082626581192,0.3895758023865281,2.5462220559760853,-1.5713770851807707
overall,80,68.75,31.25,0.0,255.37465747901055,180.43901929337204,145.675,18.717214144689326,136.33467518892138,1.2050396670198218,4.29604289971587,0.8856340155005455,0.3413773094190812,2.547982029241645,-1.5713770851807707
