suite,episodes,success_rate,collision_rate,timeout_rate,avg_reward,reward_std,avg_steps,avg_final_distance,avg_path_length,avg_efficiency,avg_path_smoothness,avg_control_smoothness,avg_uncertainty_penalty,avg_risk_margin,worst_case_clearance
fixed_suite,80,43.75,47.5,8.75,211.34804324531405,179.90196427006612,238.5125,16.524467603249946,165.45490029808133,1.4624285251401647,3.8010573261445244,0.40364191085100176,0.5459282716103291,2.548198301486644,-1.4889529316505616
left_bottom_to_right_top,20,10.0,90.0,0.0,137.88833939727868,139.29942319327162,221.35,21.659718017556287,215.84576129317284,1.9078250192472013,0.8996435806794288,0.4676868334412575,0.4739728075956278,2.5495087709980973,-1.4526912942627577
left_top_to_right_bottom,20,5.0,60.0,35.0,90.82747480493894,127.65935519966425,453.6,20.944922493345057,181.91266420632599,1.6078959809609237,8.634567554884065,0.4727434977889061,0.5756932177267198,2.54896300687266,-1.4889529316505616
right_bottom_to_left_top,20,75.0,25.0,0.0,316.0829827414599,175.10869683383953,155.65,11.163632045143942,143.67979416325687,1.269961959978594,5.493562931604748,0.312497016787529,0.3235885108535242,2.5475839930002975,-1.2782845286513473
right_top_to_left_bottom,20,85.0,15.0,0.0,300.5933760375788,155.68846627479908,123.45,12.329597856954493,120.38138152956962,1.0640311403739395,0.17645523740985322,0.36164029538631437,0.8104585502654441,2.546737435075521,-1.0916835866758852
overall,80,43.75,47.5,8.75,211.34804324531405,179.90196427006612,238.5125,16.524467603249946,165.45490029808133,1.4624285251401647,3.8010573261445244,0.40364191085100176,0.5459282716103291,2.548198301486644,-1.4889529316505616
