suite,episodes,success_rate,collision_rate,timeout_rate,avg_reward,reward_std,avg_steps,avg_final_distance,avg_path_length,avg_efficiency,avg_path_smoothness,avg_control_smoothness,avg_uncertainty_penalty,avg_risk_margin,worst_case_clearance
fixed_suite,400,46.25,47.75,6.0,212.05805371432555,185.1934194577602,222.85,16.049972831040446,163.3130825214833,1.4434973517115974,3.162565445511132,0.3977548681944609,0.5325918457204065,2.5467899518561943,-1.6884107383917328
left_bottom_to_right_top,100,14.000000000000002,86.0,0.0,148.96114095370223,133.5385911065947,218.78,18.97982073411791,214.31323792845012,1.894279298449712,0.4121841916634881,0.44448205202817914,0.5421859230314543,2.546269166528503,-1.628946899941546
left_top_to_right_bottom,100,14.000000000000002,62.0,24.0,92.52781918738336,159.58161641008957,392.91,20.192103401238775,177.44819981992245,1.5684353179259434,7.327550401623033,0.4595515303313732,0.5903917519961621,2.545733058015397,-1.6884107383917328
right_bottom_to_left_top,100,71.0,28.999999999999996,0.0,274.26021447327787,181.2346172231872,152.65,14.267140857791324,137.43898107275368,1.2148004442593408,4.6570086584191595,0.3365471975505352,0.470369017719493,2.5473576299478804,-1.5349681623770297
right_top_to_left_bottom,100,86.0,14.000000000000002,0.0,332.4830402429388,156.21009186835036,127.06,10.760826331013773,124.05191126480699,1.096474346211395,0.25351853033884647,0.35043869286775586,0.5274206901345163,2.5477999529329964,-1.4764539209965872
overall,400,46.25,47.75,6.0,212.05805371432555,185.1934194577602,222.85,16.049972831040446,163.3130825214833,1.4434973517115974,3.162565445511132,0.3977548681944609,0.5325918457204065,2.5467899518561943,-1.6884107383917328
